tarefas,FIFO,RR,EDF,PRIORIDADE P, PRIORIDADE NP,SJF,UG,VF MED INTERVALO,VF MIN
493,2973.0073996673304,1287.8942882087968,3514.49992531662,3514.49992531662,3055.645454906037,1779.531708491378,3315.946327629861,1846.2330674626053,1848.7152680841803
189,1206.7489806551544,492.6996156256778,1393.3585925713578,1393.3585925713578,1186.5417458246802,716.9640349624435,1288.2459608573515,723.9241609003498,726.0054376150357
464,2760.4773530080365,1140.4608037074988,3084.4068472310755,3084.4068472310755,2631.8581723626216,1505.7175480085443,2853.686559291637,1558.4237058463377,1563.9831101086888
418,2462.686457356499,1064.7327262957842,2705.523084893954,2705.523084893954,2487.8701850066236,1428.4265402110327,2701.2457257152873,1478.941340501775,1483.4023570816873
10,26.787612159368383,16.385361495445892,30.757023014976333,30.757023014976333,27.234614054172862,16.47401825139857,29.685275913809317,13.081912878095494,13.081912878095494
28,193.85486618869544,70.80397785270075,203.46634783094024,203.46634783094024,195.61199570392253,120.55972695070913,212.0216418699427,97.62587028667754,99.96884792533328
135,874.4127809421864,363.18491923556627,892.3607553908516,892.3607553908516,871.4192857857888,499.2407912076909,945.619282446713,497.0219426123099,498.27438453989515
52,288.65397148209297,145.45325687861416,333.80443786014956,333.80443786014956,282.0656778642118,169.97486619305167,305.229882581745,157.06685187792317,158.19893760249775
129,727.1110461164291,319.6869315636279,794.7142849896419,794.7142849896419,717.8969934982663,424.259024884462,779.9966184297863,420.84569703720155,422.49570732264357
254,1479.8747238868402,657.7795958320154,1696.1454670955172,1696.1454670955172,1553.9716555581763,905.6376528994267,1691.2365709884025,925.6453482183665,927.6499016744681
318,1803.5568400756035,766.1326611712777,2044.373552978109,2044.373552978109,1785.473796827811,995.0937889868047,1936.590108624675,1019.8864014888777,1022.9349653478869
5,19.86899172652955,7.593650069383952,27.153924676377464,27.153924676377464,17.984840758142717,8.51449922069807,19.304840758142717,7.2392652159830675,7.2392652159830675
19,66.76071613724385,31.862766920121167,70.38364974224079,70.38364974224079,74.44359667130635,37.883369911965396,80.80483988180686,30.184496603749984,30.184496603749984
409,2500.4170513624804,1030.1188490559516,2910.2362653946648,2910.2362653946648,2530.022412874131,1431.046016906509,2751.5508774333175,1478.40997932939,1481.2130857183604
398,2381.486095341613,1008.606351431982,2736.858401442999,2736.858401442999,2435.480147882784,1342.9755716465086,2634.875753754286,1387.8983467417888,1390.4333358871427
378,2373.3349238798614,1020.1352921886262,2594.077895647155,2594.077895647155,2380.6465664598963,1366.2998504354853,2579.7734852491094,1416.5960333834605,1420.199169720216
208,1272.709386264406,513.6052252415627,1392.0837472909955,1392.0837472909955,1254.9920150769394,714.3686858485175,1364.8448738634359,719.6451415867826,722.7596853530364
205,1217.6694816420309,563.9703117896522,1378.5623825061982,1378.5623825061982,1164.6260718298017,699.5026696860012,1265.6928877096434,709.8579119424423,712.1563765031556
147,892.4469560729879,410.1683493980315,1004.7220316808308,1004.7220316808308,900.7011167495539,575.4414289546213,977.5261766736768,583.5849628844394,583.7174961034012
203,1144.66128523594,499.17513498560334,1363.2562966684302,1363.2562966684302,1196.3897656415081,679.0245598131748,1302.21561496007,685.8839616424049,686.6726412271913
411,2591.9507072842794,1111.1136979936239,2988.9306327224513,2988.9306327224513,2365.497680035378,1523.534925689737,2561.2508585152846,1585.290497733293,1590.412184615704
413,2497.2498984765625,1076.5847271202565,2969.237062718,2969.237062718,2592.1591902289565,1474.5769454087103,2810.8202269269473,1530.5744595593428,1532.2588985149685
358,2098.792817106052,904.3135784794592,2406.811260412416,2406.811260412416,2062.5311496366553,1206.61997511386,2235.1998379541246,1244.3866153303425,1248.0813092336116
42,205.33932816055807,99.82455229013524,270.9212232563878,270.9212232563878,225.08910705288756,136.68540755821698,247.32189086946008,120.6691076150033,120.76169788654495
160,941.1747713015557,415.58464927389684,1030.340376200395,1030.340376200395,866.9983001528793,558.8309993514006,943.981110653569,561.2081243146796,563.8523277931889
4,20.473489166027257,9.635269408999296,26.7018649558324,26.7018649558324,24.815621417894114,13.836153653908696,26.915621417894112,9.89553881799859,9.89553881799859
94,521.0052096305105,239.8276802696018,657.7684484817896,657.7684484817896,514.5670194376172,322.5641923518938,560.9072845598837,311.8471083563193,313.0233118869491
95,640.9045061369864,250.26707072739725,696.9745412295539,696.9745412295539,612.040738165706,363.7351227943214,663.0172847883908,354.2102924893935,356.7750685556708
385,2234.7187569679763,945.8011170670632,2564.5020683663647,2564.5020683663647,2193.628499345034,1210.2271071855425,2381.1863742165233,1246.2712640163045,1250.6171784936012
17,97.25201730990044,39.08364536145502,105.31276954158886,105.31276954158886,93.60758939589194,48.74329004195062,102.47997431193241,34.371768443552995,34.371768443552995
424,2442.00430727803,1091.3104669757136,2717.0798677676116,2717.0798677676116,2451.4273818314814,1458.8134238858822,2661.545729699333,1516.645553520459,1520.2432101383188
476,2903.2175141731414,1240.577590887256,3277.8205579478026,3277.8205579478026,2922.1102217394146,1686.3294263680132,3172.5086393526835,1751.2137022946981,1754.8523122918466
188,1107.4000098380743,473.1979971914468,1316.2525946491498,1316.2525946491498,1155.9806680861466,669.787847768036,1256.8712586276838,674.472184819105,675.990497050228
225,1343.1069146522211,590.5885144761766,1495.9133634880645,1495.9133634880645,1388.4548644247213,789.671989684079,1504.0883226870546,802.7954417117522,805.6038855569294
207,1229.9928864964147,540.2654049009441,1376.7213591006966,1376.7213591006966,1283.8751422244634,725.7644950442217,1396.5156063844483,737.1032530423895,739.881358537008
358,2214.4946021016485,913.8661597268281,2618.7259398176566,2618.7259398176566,2084.839196854302,1271.0360866998058,2259.5469261215644,1311.4804238489382,1315.173595631961
457,2639.643902205431,1159.3799223836913,3069.3517107338253,3069.3517107338253,2700.390862763859,1582.614688604363,2932.215315464003,1644.2069454702275,1646.5114526174902
116,669.7932352939254,299.6478372164195,791.2200781451198,791.2200781451198,685.0385409594963,423.55431033993125,743.8769586425399,422.5856501987833,424.31027662149495
394,2438.7358166769527,1050.344330019886,2752.571069246236,2752.571069246236,2406.338227782689,1426.9418358516878,2614.7463317443967,1477.2857599572599,1481.651088770037
410,2407.3118294367173,1040.3394442388583,2681.7859890299587,2681.7859890299587,2294.099450156802,1349.595100793693,2484.9326512667426,1397.516491506642,1401.8629052368779
8,48.97266534602127,21.64885257831391,60.252533041256456,60.252533041256456,52.28259149526613,31.166365585350672,57.00759149526611,18.67985584546045,18.67985584546045
94,517.4459535269251,234.8340855506073,564.5984060192067,564.5984060192067,535.7664684353423,325.87040510400965,583.6493890678342,316.8391795132823,317.39917305082395
253,1685.06061482925,685.343345597432,1860.9158760636049,1860.9158760636049,1697.4342213233942,1017.8172649325036,1843.6986143464474,1039.9151918416499,1042.0627114532335
145,790.8156086743987,366.6713938762249,852.114612651306,852.114612651306,745.8189116311114,457.60359159436035,807.4082369524302,458.15425784710607,459.77240235644615
286,1774.633843144176,742.539186459261,2011.8266670659368,2011.8266670659368,1734.7604904284437,994.1170979912014,1880.1822241563261,1016.5127708316164,1019.0523499362716
389,2457.891042593905,1044.8715927093936,2852.5822885244297,2852.5822885244297,2540.102252893444,1493.225538141668,2754.9874818494645,1546.2176222807873,1548.3050034731716
109,624.9808031444592,270.0774871837561,721.7669482626202,721.7669482626202,654.2557204100723,366.0065694580435,713.1770662599986,358.062515055284,360.20328970788813
117,627.2949848072111,277.98942815174365,735.5183145087242,735.5183145087242,639.8247977781231,380.65168006353167,695.2918778495574,376.3285811173022,376.78024774370556
403,2497.2390838122783,1069.8792391980426,2842.626764849191,2842.626764849191,2448.470093537477,1393.9767502579218,2651.0943715537974,1444.3290487525323,1448.2596317515727
247,1530.6452868028048,639.5446631577056,1733.1062539449697,1733.1062539449697,1498.0351950603401,880.6233513935944,1620.274633096664,900.2536500824932,902.1559305789061
162,884.5068035424703,405.78463240285595,1081.316369631467,1081.316369631467,1002.2201358377089,555.6530730864425,1093.5642085925008,555.0041694424582,556.3059175834816
47,362.4514122800488,136.16890637931147,389.6427507484584,389.6427507484584,372.01240488381126,224.34876638284047,401.432704104385,197.54684372925564,197.0526062753819
319,1903.830670380174,844.6711831758721,2173.4499665015655,2173.4499665015655,1824.1525448733994,1128.2854846402938,1979.6748170746964,1162.618066025986,1166.132417499564
101,588.5299581149205,255.4729294705333,681.5488514411423,681.5488514411423,569.395363975698,331.0025361811537,618.3108963217293,322.03053844180334,323.27267691129475
413,2308.4651326981716,1044.5731298326455,2654.5826049413963,2654.5826049413963,2345.6649768254115,1346.6893549678034,2545.591071979651,1393.9956642668103,1395.5952239232784
110,642.6778673778899,269.3381372231754,764.6225780228632,764.6225780228632,682.5353033736717,360.63556248878723,740.6148852298993,351.38034502651726,352.97905982661223
59,323.2986532389334,151.45922039321383,333.1628335518109,333.1628335518109,339.34607629301576,198.5094558020484,368.01803345502935,185.41231394854654,185.696964558932
168,1089.7602613750717,417.81500388148595,1260.56514970272,1260.56514970272,1102.1901172253606,641.2632581052602,1195.2873708006603,642.2759212451556,643.736169964143
266,1564.1347587757425,688.423891381846,1810.46515941934,1810.46515941934,1572.680192876935,897.4292004411209,1707.6350540348049,916.0158484960373,917.4604314463145
1,0.0,0.3000000000000007,0.3000000000000007,0.3000000000000007,0.0,0.0,0.3000000000000007,0.3000000000000007,0.3000000000000007
458,2976.0633094737505,1181.339299326816,3281.823584207329,3281.823584207329,2859.633453930094,1675.7493648580414,3100.0001641872373,1733.8754363646085,1740.6510153091008
52,348.2519048224516,139.85210812034504,377.7112810342711,377.7112810342711,343.5230327099179,218.6531325568331,375.64252907645556,202.7293158417993,202.921723221214
34,161.9345467493508,85.29109919894853,190.22940922789746,190.22940922789746,166.9487473062571,106.35544559690278,180.084765424322,95.87210811011064,95.37909532646688
65,399.41167424557125,169.0844242431481,421.6367888497261,421.6367888497261,358.0499918005552,224.3413411128762,389.0564589487846,208.98308268090557,211.04469163737252
280,1697.8567032360654,733.1140021729558,1914.6283945033206,1914.6283945033206,1595.5686181388494,1029.3852473092377,1732.148976451715,1056.0585812624963,1058.5420666515865
70,433.7951391324898,180.1497090720597,457.2276325343728,457.2276325343728,343.0027210756932,226.79798494393393,370.14636004168506,214.50387523803826,215.75453738712957
285,1515.7352569842524,701.0124860584533,1726.304911306477,1726.304911306477,1591.4857922491692,875.9967549773193,1728.6633216751477,896.4867284453377,899.0589195568916
230,1209.0739156934926,559.4658374604026,1548.443722825413,1548.443722825413,1344.3931602902535,727.7899061532714,1461.5991755069583,740.3576270579804,741.4933438284821
85,515.6914981629402,211.83929751839656,611.8712575733252,611.8712575733252,485.3063096800802,276.9834141298346,525.7684404511808,263.34600552392095,263.2863175477146
346,2122.5617720707282,877.221219574571,2449.3966761359948,2449.3966761359948,2146.304607796796,1256.4014195645746,2332.5733533538782,1291.7905170612999,1295.309050385547
217,1417.7047149799157,598.3869850558059,1595.3595034694831,1595.3595034694831,1456.6397401500371,864.9544960663227,1586.0513788592966,878.2661304058995,879.4747939528686
376,2275.791114556264,941.5960293451237,2587.1412109538087,2587.1412109538087,2230.8268460240383,1325.3592276670483,2419.6793353315584,1368.2802025756894,1371.2593441050317
39,209.70439286113827,97.36313158066663,235.76343329826537,235.76343329826537,239.69616598670387,148.4581480548927,259.8441045324085,135.9691571197684,135.9691571197684
385,2373.4853662731016,966.2196660695466,2648.022932699859,2648.022932699859,2312.6986300446197,1323.816174491705,2513.405876514543,1366.4605444799743,1368.564266377342
410,2606.5343669058657,1058.413801391458,3070.0144945762377,3070.0144945762377,2668.194337572713,1541.6467485781884,2900.063579131169,1590.5562350234916,1594.6214135517375
392,2248.93314752151,949.4421155565975,2458.275922186246,2458.275922186246,2184.3463154380624,1273.6322101673493,2372.7549077550434,1319.0291145701688,1318.7512242288365
225,1374.23508447754,597.8747172879142,1580.2302344770421,1580.2302344770421,1376.1289043767217,800.9849274251794,1491.259772279587,813.2179797728153,815.3578702171943
192,1176.5814218560765,502.22356190051096,1381.8458820079534,1381.8458820079534,1143.5101058228609,729.6155472297929,1244.1571481342417,738.7866800245575,740.1822736685145
116,605.5279771870236,290.5262919157823,655.3347457347107,655.3347457347107,613.5799288861433,345.0770161954146,663.8110168979431,342.50831478586906,343.13294522715944
276,1623.7138796940867,700.9900183197078,1972.2446531345047,1972.2446531345047,1708.9165374536035,954.1894434683231,1855.2845503720914,975.4320149463169,976.0238279285231
390,2426.546326762312,1032.6281304283584,2757.8903644456414,2757.8903644456414,2454.8249036452776,1483.4682648745159,2666.0393468530797,1537.6027989966708,1541.1910930116
237,1406.3173857534991,579.8986164931407,1521.171789734407,1521.171789734407,1419.0040241084191,813.5602020190173,1542.1544224523223,828.0563559771429,830.2659834275947
236,1528.4180326024132,637.9450981765664,1688.4889578377572,1688.4889578377572,1430.4133169272513,836.5057732383813,1551.3551710328904,852.6892461568164,855.6043441533491
401,2408.042336483271,1018.4712929022232,2774.562499020694,2774.562499020694,2372.430966724983,1399.1122730493669,2571.0551590429877,1446.7664328024694,1449.0591797174343
454,2931.926625447556,1191.7385793617898,3372.900589041614,3372.900589041614,2984.6451669269413,1721.5415395135688,3242.2627208208787,1784.0684697915524,1786.6055743254356
42,260.12661442125204,122.70566588170524,262.00593289957476,262.00593289957476,257.02746444398485,155.1005719978557,279.85785970247565,140.84664076650523,141.06500351098492
379,2160.1120960273156,949.752930705309,2564.2751735035995,2564.2751735035995,2215.909656861473,1322.9316136348136,2405.9928153176174,1367.7321137421072,1371.2847320956103
378,2309.8888484533995,972.1886297436018,2680.7156703239693,2680.7156703239693,2308.2133595037344,1344.0127354009294,2508.840848226735,1388.7056580728006,1392.8073644765407
182,1205.5786128216894,517.6015131117365,1390.270388852823,1390.270388852823,1194.742232008775,726.9767026867712,1296.8202511082304,738.326937025686,740.7958642716542
95,616.2457565286692,247.33870060658643,739.0574780394924,739.0574780394924,665.0832292821004,385.60058749686334,724.444585404903,372.800507334069,373.1329198609595
34,194.5071400770728,85.90181248579587,206.5880314548552,206.5880314548552,170.70523324142502,99.50818199609282,183.84800010757442,85.00499311250674,84.9408734448732
271,1784.0856838419184,701.1801420242108,1889.248495611326,1889.248495611326,1791.229687923874,1018.9821753935256,1945.0851330670346,1043.2800205450833,1047.3194883226554
108,671.333318022992,269.6214767270513,658.9911756062274,658.9911756062274,596.9886050881676,354.91296081889124,646.1938812880785,343.0590834711381,345.3692901406136
447,2658.9588687988025,1139.495551753491,3052.9533503461203,3052.9533503461203,2686.435394880153,1591.4758181691539,2923.311046841563,1650.244467778163,1655.635337882357
213,1362.4764313121575,564.0346126612903,1517.0655278884074,1517.0655278884074,1370.5905011435732,788.5987517733621,1483.9246143961032,799.1167302087381,801.6309742929129
144,794.6124741457129,339.35926827115145,967.5707104958003,967.5707104958003,856.5010232895074,472.2706764920608,932.1045721855977,470.8282433747042,474.16905069647026
325,1925.527735510304,835.9748303736816,2162.794923166641,2162.794923166641,1833.2308364848004,1106.2067750606873,1988.7313863894917,1139.873733594978,1142.277268009053
42,316.99999395436123,123.18397452422897,368.8397456740035,368.8397456740035,313.9964247017386,220.49032894835412,343.4015022980092,194.3929028409633,194.39624958177077
51,245.32226946644883,112.25343535366613,280.9750770313659,280.9750770313659,257.07473608233573,142.25052340032713,280.23472140945785,132.3893163830316,133.57349213243782
297,1767.4139688522198,737.2928655153405,2004.1676757334537,2004.1676757334537,1858.9269064635243,1009.092148393547,2020.800186449204,1034.0411152257755,1035.4721399407754
